<?xml version="1.0" encoding="UTF-8"?>
<bom serialNumber="urn:uuid:625d15d5-68bf-3d4c-82fc-b9e5d6b85857" version="1" xmlns="http://cyclonedx.org/schema/bom/1.5">
  <metadata>
    <lifecycles>
      <lifecycle>
        <phase>build</phase>
      </lifecycle>
    </lifecycles>
    <tools>
      <components>
        <component type="library">
          <author>OWASP Foundation</author>
          <group>org.cyclonedx</group>
          <name>cyclonedx-maven-plugin</name>
          <version>2.8.1</version>
          <description>CycloneDX Maven plugin</description>
          <hashes>
            <hash alg="MD5">42c73e70d517b359d40b757c368d68fc</hash>
            <hash alg="SHA-1">c66892e13fb7ed7b8105cb5a280fa767d9e0bf12</hash>
            <hash alg="SHA-256">566681b9fcb1b0178e101cd899d2ea399e2039255e208a1a477bc079158dbdc5</hash>
            <hash alg="SHA-512">93d7b7421ee2d91f84930e75a52864952f26fee96114740dab477ee5f0e62b6448759ad5a160f1749650379f771941100c7fd84ed523b2407d2004b928998ecb</hash>
            <hash alg="SHA-384">04b0c71c1b79f77e723e7db96c72705f50172e94df5a7f28edbd96024b886fff65f61f37fc77abb1d12b0809813ae665</hash>
            <hash alg="SHA3-384">eafa68c2c25670f0b77c5db3acdfd97cfe97dfc50c47bba2103353327b049b9bbac0d8b621b1168200ddf21719048c73</hash>
            <hash alg="SHA3-256">2c07b6997ba0e40ca3b66e39cfcf101fcebdceaa19fce0baf12e013cf392466e</hash>
            <hash alg="SHA3-512">636f068843bad92259885cd4d427630619864c0172bd1b41df15c33a7d411767ab09cf2ff339a97fda149ee44c95a162fdf6cb12de19e2dc0250c2fadc80d882</hash>
          </hashes>
        </component>
      </components>
    </tools>
    <component type="library" bom-ref="pkg:maven/org.apache.logging.log4j/log4j-jpa@2.24.0?type=jar">
      <publisher>The Apache Software Foundation</publisher>
      <group>org.apache.logging.log4j</group>
      <name>log4j-jpa</name>
      <version>2.24.0</version>
      <description>Apache Log4j Java Persistence API Appender.</description>
      <licenses>
        <license>
          <id>Apache-2.0</id>
          <url>https://www.apache.org/licenses/LICENSE-2.0</url>
        </license>
      </licenses>
      <purl>pkg:maven/org.apache.logging.log4j/log4j-jpa@2.24.0?type=jar</purl>
      <externalReferences><reference type="vulnerability-assertion"><url>https://logging.apache.org/cyclonedx/vdr.xml</url></reference><reference type="website"><url>https://logging.apache.org/log4j/2.x/</url></reference><reference type="build-system"><url>https://github.com/apache/logging-log4j2/actions</url></reference><reference type="distribution"><url>https://logging.apache.org/log4j/2.x/download.html</url></reference><reference type="distribution-intake"><url>https://repository.apache.org/service/local/staging/deploy/maven2</url></reference><reference type="issue-tracker"><url>https://github.com/apache/logging-log4j2/issues</url></reference><reference type="mailing-list"><url>https://lists.apache.org/list.html?log4j-user@logging.apache.org</url></reference><reference type="vcs"><url>https://github.com/apache/logging-log4j2</url></reference></externalReferences>
    </component>
    <properties>
      <property name="maven.goal">makeBom</property>
      <property name="maven.scopes">compile,provided,runtime,system</property>
      <property name="cdx:reproducible">enabled</property>
    </properties>
  </metadata>
  <components>
    <component type="library" bom-ref="pkg:maven/javax.persistence/javax.persistence-api@2.2?type=jar">
      <group>javax.persistence</group>
      <name>javax.persistence-api</name>
      <version>2.2</version>
      <description>Java(TM) Persistence API</description>
      <scope>required</scope>
      <hashes>
        <hash alg="MD5">e6520b3435f5b6d58eee415b5542abf8</hash>
        <hash alg="SHA-1">25665ac8c0b62f50e6488173233239120fc52c96</hash>
        <hash alg="SHA-256">5578b71b37999a5eaed3fea0d14aa61c60c6ec6328256f2b63472f336318baf4</hash>
        <hash alg="SHA-512">013e4e0efe64b1cf6744dce44ed716b4d8513b2ad5b6a0131af663b7918eb65705bd09d4df763ff4a810829f4f6b6c198ca7670ce439940be57aed0914b513f8</hash>
        <hash alg="SHA-384">bebee3b24091dd9aa6f60ce80a28d8b02bcac7057d90b7aa1d32fda80b4221f5e88292c9b0164e987381a90593955148</hash>
        <hash alg="SHA3-384">c97e99f9e46b944f3546f0dd31db9a4ac07e59dfde1306849b1dc5e97ef36a5fe2de2f1adb0f2bb9fc20c6efa81ccf6a</hash>
        <hash alg="SHA3-256">5df8881b9e2666ff15ecd36e3f2c56cc75ff90c30e8d1417b2709c5588f0186f</hash>
        <hash alg="SHA3-512">1255e5ee88a7593fceaf6cde5d37cff795af1d1c2f0fa459926a85b213ca9713c75acb919367a389743c45edc27af3a5ec27fbc66ac09a46d1e4165a04447a48</hash>
      </hashes>
      <licenses>
        <license>
          <id>EPL-1.0</id>
        </license>
        <license>
          <id>BSD-3-Clause</id>
        </license>
      </licenses>
      <purl>pkg:maven/javax.persistence/javax.persistence-api@2.2?type=jar</purl>
      <externalReferences><reference type="website"><url>https://github.com/javaee/jpa-spec</url></reference><reference type="distribution-intake"><url>https://maven.java.net/service/local/staging/deploy/maven2/</url></reference><reference type="issue-tracker"><url>https://github.com/javaee/jpa-spec/issues</url></reference><reference type="mailing-list"><url>https://javaee.groups.io/g/jpa-spec/topics</url></reference><reference type="vcs"><url>https://github.com/javaee/jpa-spec.git</url></reference></externalReferences>
    </component>
    <component type="library" bom-ref="pkg:maven/org.apache.logging.log4j/log4j-core@2.24.0?type=jar">
      <publisher>The Apache Software Foundation</publisher>
      <group>org.apache.logging.log4j</group>
      <name>log4j-core</name>
      <version>2.24.0</version>
      <description>A versatile, industrial-grade, and reference implementation of the Log4j API.
    It bundles a rich set of components to assist various use cases:
    Appenders targeting files, network sockets, databases, SMTP servers;
    Layouts that can render CSV, HTML, JSON, Syslog, etc. formatted outputs;
    Filters that can be configured using log event rates, regular expressions, scripts, time, etc.
    It contains several extension points to introduce custom components, if needed.</description>
      <scope>required</scope>
      <hashes>
        <hash alg="MD5">1055e8faa70abb876bbe797ecc472252</hash>
        <hash alg="SHA-1">537543d3b84d78b4d7ad055c98f8af13e5e7f3a8</hash>
        <hash alg="SHA-256">3f5b93c80f0f3d2e8cfb166a7d64ec589f8c9326fa0d7c41d74d63b28f6fd62e</hash>
        <hash alg="SHA-512">5e151308c843f1f015fabb10f8e155daef6c50713f152d49c48aa74e884d1985e069745308786afe564e26edcd26dd8519478ca43674e859b544059e11bf577c</hash>
        <hash alg="SHA-384">38c609aa9b4b2e934dc3951670c6f053a503faf000b431dc6a7474e566adf97884a502a6a98335dd524870c12d5a0000</hash>
        <hash alg="SHA3-384">1099b73d89746231fe2a6b94a8482f9eb1153aec134e11eb92618d2190811311f894c7f6eb11b32c0908e032f37956a2</hash>
        <hash alg="SHA3-256">b412d3fc36de9cf6bf19f9701077ae705cab72fa642a46dc259085b88d26d510</hash>
        <hash alg="SHA3-512">c088455792b1311a8517bf672cf984acceaab3a6af4fe64e7e0227befc116b4c0b1dee79c2c68d4aa8e66fb61b54f84bb18cf1fe6a5c18368435136e02825858</hash>
      </hashes>
      <licenses>
        <license>
          <id>Apache-2.0</id>
          <url>https://www.apache.org/licenses/LICENSE-2.0</url>
        </license>
      </licenses>
      <purl>pkg:maven/org.apache.logging.log4j/log4j-core@2.24.0?type=jar</purl>
      <externalReferences><reference type="website"><url>https://logging.apache.org/log4j/2.x/log4j/log4j-core/</url></reference><reference type="build-system"><url>https://github.com/apache/logging-log4j2/actions</url></reference><reference type="distribution"><url>https://logging.apache.org/download.html</url></reference><reference type="distribution-intake"><url>https://repository.apache.org/service/local/staging/deploy/maven2</url></reference><reference type="issue-tracker"><url>https://github.com/apache/logging-log4j2/issues</url></reference><reference type="mailing-list"><url>https://lists.apache.org/list.html?log4j-user@logging.apache.org</url></reference><reference type="vcs"><url>https://github.com/apache/logging-log4j2</url></reference></externalReferences>
    </component>
    <component type="library" bom-ref="pkg:maven/org.apache.logging.log4j/log4j-api@2.24.0?type=jar">
      <publisher>The Apache Software Foundation</publisher>
      <group>org.apache.logging.log4j</group>
      <name>log4j-api</name>
      <version>2.24.0</version>
      <description>The logging API of the Log4j project.
    Library and application code can log through this API.
    It contains a simple built-in implementation (`SimpleLogger`) for trivial use cases.
    Production applications are recommended to use Log4j API in combination with a fully-fledged implementation, such as Log4j Core.</description>
      <scope>required</scope>
      <hashes>
        <hash alg="MD5">a4675d48bc9b9cb970511edcafba2dab</hash>
        <hash alg="SHA-1">c6d9bd0c95c9bb6c530f4800da9507b98f018654</hash>
        <hash alg="SHA-256">de99b52578c62ee0125dd345e7121502facfe29294314ae684a4a12314c4e55a</hash>
        <hash alg="SHA-512">51f6a24a9d55a1b2c185a79a900d440635719d012f743181d5b95299495b400953ef51f7d470005f0071d7643cb283b44430cb58c0fc35a0e308e6c48600b737</hash>
        <hash alg="SHA-384">780a3a9607e212f2fde118c6735399428fdb8e7427098cb0244b8744adff50abaf70b4a0ac09156e96b61d815f942086</hash>
        <hash alg="SHA3-384">25e0d09de42aa76058d68e45152fb215496b2c789ad53737fb9d77c9fd6a043ed3fdc80639d95b322c2f7a713114c346</hash>
        <hash alg="SHA3-256">9895abed2eb1e067402ea2695547440991ee683252b1fad8bfc3248d58cdb194</hash>
        <hash alg="SHA3-512">f23eb0c34f33098b33e269acda70523494964d40277545fe5800559c201b7bcdf653b2d4ec0efc483e08a1c8915a4c98097aa288ec996b9f6e3cb4aa2e8dc5aa</hash>
      </hashes>
      <licenses>
        <license>
          <id>Apache-2.0</id>
          <url>https://www.apache.org/licenses/LICENSE-2.0</url>
        </license>
      </licenses>
      <purl>pkg:maven/org.apache.logging.log4j/log4j-api@2.24.0?type=jar</purl>
      <externalReferences><reference type="website"><url>https://logging.apache.org/log4j/2.x/log4j/log4j-api/</url></reference><reference type="build-system"><url>https://github.com/apache/logging-log4j2/actions</url></reference><reference type="distribution"><url>https://logging.apache.org/download.html</url></reference><reference type="distribution-intake"><url>https://repository.apache.org/service/local/staging/deploy/maven2</url></reference><reference type="issue-tracker"><url>https://github.com/apache/logging-log4j2/issues</url></reference><reference type="mailing-list"><url>https://lists.apache.org/list.html?log4j-user@logging.apache.org</url></reference><reference type="vcs"><url>https://github.com/apache/logging-log4j2</url></reference></externalReferences>
    </component>
    <component type="library" bom-ref="pkg:maven/com.fasterxml.jackson.core/jackson-core@2.17.2?type=jar">
      <publisher>FasterXML</publisher>
      <group>com.fasterxml.jackson.core</group>
      <name>jackson-core</name>
      <version>2.17.2</version>
      <description>Core Jackson processing abstractions (aka Streaming API), implementation for JSON</description>
      <scope>required</scope>
      <hashes>
        <hash alg="MD5">50c2dab1f29136714d5ef5c6c640336c</hash>
        <hash alg="SHA-1">969a35cb35c86512acbadcdbbbfb044c877db814</hash>
        <hash alg="SHA-256">721a189241dab0525d9e858e5cb604d3ecc0ede081e2de77d6f34fa5779a5b46</hash>
        <hash alg="SHA-512">694ae3bf756421d925f833f59a6309c7748ac3a68b28ed4de8ce0d6f93347dfc19991d1106db911c7da78e20734e6f44a02caef751150378a6ffa638c80fc75b</hash>
        <hash alg="SHA-384">acc969e3c312f9d2694e3202eb601dbe2317cb9a444dcb67f6e0f00871f6d5593bebcba272afab55f2541c6a7a107842</hash>
        <hash alg="SHA3-384">890610781e8f8c3c1283d8f6bd446d19dd5d83107a852f1446d5d2a4fdb57ff611b36b2267eba46746a305607c5e586a</hash>
        <hash alg="SHA3-256">a4b8acc3fd90cc86a9a1507a3e51abf984521f9189218f17a3b551e0a7ccdf44</hash>
        <hash alg="SHA3-512">f55e7d0b7a68919c8f8d3b5472796ecb82df852a97b1bb4bb0b45d1f9408d50545b717e8632f7ff975b77541e4d4b35de6ed32eeaff556677227b0985a74172b</hash>
      </hashes>
      <licenses>
        <license>
          <id>Apache-2.0</id>
        </license>
      </licenses>
      <purl>pkg:maven/com.fasterxml.jackson.core/jackson-core@2.17.2?type=jar</purl>
      <externalReferences><reference type="website"><url>https://github.com/FasterXML/jackson-core</url></reference><reference type="distribution-intake"><url>https://oss.sonatype.org/service/local/staging/deploy/maven2/</url></reference><reference type="issue-tracker"><url>https://github.com/FasterXML/jackson-core/issues</url></reference><reference type="vcs"><url>https://github.com/FasterXML/jackson-core</url></reference></externalReferences>
    </component>
    <component type="library" bom-ref="pkg:maven/com.fasterxml.jackson.core/jackson-databind@2.17.2?type=jar">
      <publisher>FasterXML</publisher>
      <group>com.fasterxml.jackson.core</group>
      <name>jackson-databind</name>
      <version>2.17.2</version>
      <description>General data-binding functionality for Jackson: works on core streaming API</description>
      <scope>required</scope>
      <hashes>
        <hash alg="MD5">3e1ff7c1f0fda885946619a47ef9d5de</hash>
        <hash alg="SHA-1">e6deb029e5901e027c129341fac39e515066b68c</hash>
        <hash alg="SHA-256">c04993f33c0f845342653784f14f38373d005280e6359db5f808701cfae73c0c</hash>
        <hash alg="SHA-512">ec62267bf58aea531ec7f253e67974fac89e8aa61e7b54a7fb00edf3132ecb969b510630fd353adbbd2ab7d845a25702f168c296c57983a00bd6abc9ce3630f9</hash>
        <hash alg="SHA-384">d2de4602f779a456d0037f9d64efa8bcf9a1a9f06e3c628b2a3b2313319e22209cdfab9157f9251243bc05da870bdcf4</hash>
        <hash alg="SHA3-384">14618ad7737700ccd941feefd0bbbb7235ecbc1ac0cf22ba1bd72155eb68a800e98fe72f6ea03ab71cb9927a1d117d39</hash>
        <hash alg="SHA3-256">800f9886351c0968d6640e9c7e312c963b0146022fcfc27b173d06fe0c581041</hash>
        <hash alg="SHA3-512">49ff7e89ab8936043ac9371cc05c57bf88899a91ca11bd50227c58da9e6716c270e38c34bade5ba5cf39ed6443edf538bd25e85127c3e22f6788b84e14f3019a</hash>
      </hashes>
      <licenses>
        <license>
          <id>Apache-2.0</id>
        </license>
      </licenses>
      <purl>pkg:maven/com.fasterxml.jackson.core/jackson-databind@2.17.2?type=jar</purl>
      <externalReferences><reference type="website"><url>https://github.com/FasterXML/jackson</url></reference><reference type="distribution-intake"><url>https://oss.sonatype.org/service/local/staging/deploy/maven2/</url></reference><reference type="issue-tracker"><url>https://github.com/FasterXML/jackson-databind/issues</url></reference><reference type="vcs"><url>https://github.com/FasterXML/jackson-databind</url></reference></externalReferences>
    </component>
    <component type="library" bom-ref="pkg:maven/com.fasterxml.jackson.core/jackson-annotations@2.17.2?type=jar">
      <publisher>FasterXML</publisher>
      <group>com.fasterxml.jackson.core</group>
      <name>jackson-annotations</name>
      <version>2.17.2</version>
      <description>Core annotations used for value types, used by Jackson data binding package.</description>
      <scope>required</scope>
      <hashes>
        <hash alg="MD5">e68e7e593ae47e106421688707683297</hash>
        <hash alg="SHA-1">147b7b9412ffff24339f8aba080b292448e08698</hash>
        <hash alg="SHA-256">873a606e23507969f9bbbea939d5e19274a88775ea5a169ba7e2d795aa5156e1</hash>
        <hash alg="SHA-512">006d3a054b22daa7f378b005cc29b3544dc7f3b509176e0eac946e0a3bafa73b824bae61b5183b61938b19044d2142a285da2fce2ffdaef5bfe91b2d8dcb6804</hash>
        <hash alg="SHA-384">edb09e196ede070ba1ab1b99e96be6049f60b664eb89e60e28f08327e510e7aedf8c4696bc719113d24fe3367b8b89b7</hash>
        <hash alg="SHA3-384">9c54c25762e7b5e05c5e17deaa35ef5b9af764fb3e19bd790479920d9fb7084f3e89dd2ea2ef2fd680e72aebe74ab271</hash>
        <hash alg="SHA3-256">5d1625676fc95b4625ef73658e47074a24804518d1455a610ff40b3017b1b86e</hash>
        <hash alg="SHA3-512">b4354ed913789689ac4f7dc7385aa2de383324a6b8ff59a2497b6b605c2451bec372c8a4335189c916b24c7a68e83102e0f53fca54c2389f2006ccc84a5eaa17</hash>
      </hashes>
      <licenses>
        <license>
          <id>Apache-2.0</id>
        </license>
      </licenses>
      <purl>pkg:maven/com.fasterxml.jackson.core/jackson-annotations@2.17.2?type=jar</purl>
      <externalReferences><reference type="website"><url>https://github.com/FasterXML/jackson</url></reference><reference type="distribution-intake"><url>https://oss.sonatype.org/service/local/staging/deploy/maven2/</url></reference><reference type="issue-tracker"><url>https://github.com/FasterXML/jackson-annotations/issues</url></reference><reference type="vcs"><url>https://github.com/FasterXML/jackson-annotations</url></reference></externalReferences>
    </component>
    <component type="library" bom-ref="pkg:maven/biz.aQute.bnd/biz.aQute.bnd.annotation@7.0.0?type=jar">
      <publisher>Bndtools</publisher>
      <group>biz.aQute.bnd</group>
      <name>biz.aQute.bnd.annotation</name>
      <version>7.0.0</version>
      <description>bnd Annotations Library</description>
      <scope>required</scope>
      <hashes>
        <hash alg="MD5">0339bd011cf13131841417c0de7452f5</hash>
        <hash alg="SHA-1">8ad279ebf0d04ea89c5ce4d934189d0d16bb6d50</hash>
        <hash alg="SHA-256">a0090390963dd2092f8abb6d76092bab1696494d2e31b127f5b1b2bf29c08638</hash>
        <hash alg="SHA-512">6e96cffe60466e9bd5730c93686a6ae252958be6202ba07d235239f0033b9a1cc53faad327ddaebab9eab30825b881acc6296777851028c7fad5668cbbe99c81</hash>
        <hash alg="SHA-384">f51cd44911333bf7c2f58bdf7440062c138005c8332be3bf69b0ab0d9d93af4d1e1dde3a4eae5bfae92e835b70e6f561</hash>
        <hash alg="SHA3-384">7e93113ee29b6fbed02fbeac096582476b0b7c04703a54ecf0c3c89cab6fff06bc486d072c78f5a19e2c7da1c603b9d2</hash>
        <hash alg="SHA3-256">e0a35d4ec2afe652ef58a37a9f2491349527e86c7a1b37d13436fdfef77f32b2</hash>
        <hash alg="SHA3-512">62783affe413b5419c08008094a43e63712c65d6e4a0cd345e58e1a7c66dc32a08f2e68852d14641d30da31d665091c19571809145f769480cb0b80e0ad003e9</hash>
      </hashes>
      <licenses>
        <license>
          <name>(Apache-2.0 OR EPL-2.0)</name>
          <url>https://opensource.org/licenses/Apache-2.0,https://opensource.org/licenses/EPL-2.0</url>
        </license>
      </licenses>
      <purl>pkg:maven/biz.aQute.bnd/biz.aQute.bnd.annotation@7.0.0?type=jar</purl>
      <externalReferences><reference type="website"><url>https://bnd.bndtools.org/</url></reference><reference type="vcs"><url>https://github.com/bndtools/bnd</url></reference></externalReferences>
    </component>
    <component type="library" bom-ref="pkg:maven/org.osgi/org.osgi.resource@1.0.0?type=jar">
      <publisher>OSGi Alliance</publisher>
      <group>org.osgi</group>
      <name>org.osgi.resource</name>
      <version>1.0.0</version>
      <description>OSGi Companion Code for org.osgi.resource Version 1.0.0.</description>
      <scope>required</scope>
      <hashes>
        <hash alg="MD5">7d857a4203e2996fab0cf070133e43df</hash>
        <hash alg="SHA-1">343c88949132984b3f2d4175a72c40b77dc65619</hash>
        <hash alg="SHA-256">81fc50f1f1d38a4af28e131907d4afe213249aab05060484edca0e60c4af9b4a</hash>
        <hash alg="SHA-512">4e798790856f83f50832db80bfab64dfceeff1c509d7dde43e74a9f9192ea7a7d5ea77b9b1e81291fa6ba3dcef5ab8fa791ca8093a72a08d7ca6f6499e13e506</hash>
        <hash alg="SHA-384">73038c395166552b64b6b5469bd8056584f48d19b5762df2e8bd2770405ed8f6071e397a87d9a7ed39f8c2e0e8ab85b2</hash>
        <hash alg="SHA3-384">e06c8a460b3bf06d6cb22237aeffa6afd2eadd9461096c67b768a14603ad8aaa88f891d03cf0a273a99d86906c1c8eb3</hash>
        <hash alg="SHA3-256">1097cfd20e80ce368fd828a23ad7c32a202cebd92106f6ebb88ba55ca74349ee</hash>
        <hash alg="SHA3-512">d7b710e1e0484badb875f326c602c90df6705df48b0f057320919a5255d3ecbddd7053eabc68787480a70aebd7e553e9f51728112e1fa0846c849366b7e8d69b</hash>
      </hashes>
      <licenses>
        <license>
          <id>Apache-2.0</id>
        </license>
      </licenses>
      <purl>pkg:maven/org.osgi/org.osgi.resource@1.0.0?type=jar</purl>
      <externalReferences><reference type="website"><url>http://www.osgi.org/</url></reference><reference type="vcs"><url>https://osgi.org/git/build.git</url></reference></externalReferences>
    </component>
    <component type="library" bom-ref="pkg:maven/org.osgi/org.osgi.service.serviceloader@1.0.0?type=jar">
      <publisher>OSGi Alliance</publisher>
      <group>org.osgi</group>
      <name>org.osgi.service.serviceloader</name>
      <version>1.0.0</version>
      <description>OSGi Companion Code for org.osgi.service.serviceloader Version 1.0.0.</description>
      <scope>required</scope>
      <hashes>
        <hash alg="MD5">4943f0102a6d893c4dd77f369a5f0537</hash>
        <hash alg="SHA-1">3728ff37909c6a3c1870b3e851342d9f2bd3cc63</hash>
        <hash alg="SHA-256">8f876ce2a9aa4e95b1f1952950255103e2487425050a654f3285447ba601c154</hash>
        <hash alg="SHA-512">a7def4cb7a8ed992645faa80a780e0b30bd39c1587b5bcb65fe170d10842d0d880c2849edd50c64807fe0e4b9cc0051337d1b161d0d390465d9e63a762861c49</hash>
        <hash alg="SHA-384">1e480694b8a541da4cd1e044d3f3ea3cd55152515ac022b80d865b6654242506c2138daabb4e71c30d36b12b9aaf676d</hash>
        <hash alg="SHA3-384">7f076af200ae9c2bd9f235b949aee01a1a758c8aac10fee8b98ec2497197d2029117d5627eb0eabd9b42979eb1baa009</hash>
        <hash alg="SHA3-256">83b1dce69c4c899176eb6e368e434ecb77dfed7c436530b8c5d08b9b6f2430aa</hash>
        <hash alg="SHA3-512">5debde53a7ead231dcd907467d59728f59cae4eb3b967c19808f78890bd97d2f04657cad9c093e88f9818338b0b3b38a57c66400ebcff61fbb26d18e9f7bf8ed</hash>
      </hashes>
      <licenses>
        <license>
          <id>Apache-2.0</id>
        </license>
      </licenses>
      <purl>pkg:maven/org.osgi/org.osgi.service.serviceloader@1.0.0?type=jar</purl>
      <externalReferences><reference type="website"><url>http://www.osgi.org/</url></reference><reference type="vcs"><url>https://osgi.org/git/build.git</url></reference></externalReferences>
    </component>
    <component type="library" bom-ref="pkg:maven/com.google.errorprone/error_prone_annotations@2.30.0?type=jar">
      <publisher>Google LLC</publisher>
      <group>com.google.errorprone</group>
      <name>error_prone_annotations</name>
      <version>2.30.0</version>
      <description>Error Prone is a static analysis tool for Java that catches common programming mistakes at compile-time.</description>
      <scope>required</scope>
      <hashes>
        <hash alg="MD5">4673a36959c4610e3670c6d84aa2ba20</hash>
        <hash alg="SHA-1">ff171acb7fb9cbe2b9f50b391e1d52459d30ee62</hash>
        <hash alg="SHA-256">144f3aefbd6e27daec55d3753b2c6b13c1afdaf0cf04816cdb564588ed92f1bd</hash>
        <hash alg="SHA-512">61956e255b8e26b574dd04a89c9e91652981d3121508fb1de39af155165892de694954aaced670b975a600edf19e0077eceae5d3e0a7cc4eef0cfe301521e201</hash>
        <hash alg="SHA-384">5f055ac091f02a00aa350f0c761b19549e4f5aa2c4b298569e3f23476f7f7df8cc5e750dfe9f17d225467a41327d84f3</hash>
        <hash alg="SHA3-384">06c197e60e9970231b52e844f4ab02b9d48e4ffa2ce73c67eed2d61965a7be9462e2ee2e6f20803ed14da8ab7f3d40cc</hash>
        <hash alg="SHA3-256">a1a817cdcda312f0248b41b31116c3bf447706f5fc3c6fdc56cad775784fc41f</hash>
        <hash alg="SHA3-512">070e416c41c6e2f562d93fd08e49d765164686946d44b5a91379dd18c0dd6083851a04c7aa99a94e3112b8ec0925870767a3108474acdf962c98ebad6328934b</hash>
      </hashes>
      <licenses>
        <license>
          <id>Apache-2.0</id>
        </license>
      </licenses>
      <purl>pkg:maven/com.google.errorprone/error_prone_annotations@2.30.0?type=jar</purl>
      <externalReferences><reference type="website"><url>https://errorprone.info/error_prone_annotations</url></reference><reference type="vcs"><url>https://github.com/google/error-prone/error_prone_annotations</url></reference></externalReferences>
    </component>
    <component type="library" bom-ref="pkg:maven/org.osgi/osgi.annotation@8.1.0?type=jar">
      <publisher>Eclipse Foundation</publisher>
      <group>org.osgi</group>
      <name>osgi.annotation</name>
      <version>8.1.0</version>
      <description>OSGi Annotation Release 8, Annotations for use in compiling bundles</description>
      <scope>required</scope>
      <hashes>
        <hash alg="MD5">3bcfab9c55a2bcc158aa4953084021b6</hash>
        <hash alg="SHA-1">59d42736bcc0af2144ba5c1a12ff7c08ea4b7e12</hash>
        <hash alg="SHA-256">68afeb86a5322675d4dfe3df5863c7d8a37b34c18e3a8e41553f1ab3ac15d78f</hash>
        <hash alg="SHA-512">a190fa888fd22c2c31455d672b3e50ca79fa9f02269b9d45f6e6fc189dc8f90d20663e290f151a851e010b52ce87e62dc5079253c3e59caa72f11ea6248ffb26</hash>
        <hash alg="SHA-384">581c88a48fc7df5edae29712f943ef780fb0f32b4eee10dfcaa879f122f19fd1645b961b38bc0a97dd894d89952fdb68</hash>
        <hash alg="SHA3-384">ab4fab76440671def19eb0ca3370d8f0f8a915df4ec92e5aa2b9e12a4b97aa49301c51ccd28a2d2718beec6fe8105bc6</hash>
        <hash alg="SHA3-256">6849ce4a9cad5dbf2dce1ad817442821a633f8ae10ab1ccde69ac46d26127a46</hash>
        <hash alg="SHA3-512">3c3ce68b5ae1ea157f78d72a210cc152375fd8819a7c85ed5c718fbe387ffb522715e1b0dfa5094caed1e8bbe4b8fcc6d2aadd1cd3851f4c0fffebda5acaebba</hash>
      </hashes>
      <licenses>
        <license>
          <id>Apache-2.0</id>
          <url>https://www.apache.org/licenses/LICENSE-2.0</url>
        </license>
      </licenses>
      <purl>pkg:maven/org.osgi/osgi.annotation@8.1.0?type=jar</purl>
      <externalReferences><reference type="website"><url>https://docs.osgi.org/</url></reference><reference type="vcs"><url>https://github.com/osgi/osgi</url></reference></externalReferences>
    </component>
    <component type="library" bom-ref="pkg:maven/org.osgi/org.osgi.annotation.bundle@2.0.0?type=jar">
      <publisher>Eclipse Foundation</publisher>
      <group>org.osgi</group>
      <name>org.osgi.annotation.bundle</name>
      <version>2.0.0</version>
      <description>OSGi Companion Code for org.osgi.annotation.bundle Version 2.0.0</description>
      <scope>required</scope>
      <hashes>
        <hash alg="MD5">19115314a0ce4cfb711a811dcc0be0a3</hash>
        <hash alg="SHA-1">f5c2cd6e670c3c5d440d3003efd5ef2ead5c68eb</hash>
        <hash alg="SHA-256">b9c9546ec5be3ebc2e85ba4919150ad76d64594805282fc895133a47d264a7ae</hash>
        <hash alg="SHA-512">f16b8983240ba3c08d6bc78e2eae92e89eb528f32a705961d90b463def0a5ed1ba08cc3d0be38b5dcfb946c6f759df772e122fb769e58e8c20aa79a489a1fd21</hash>
        <hash alg="SHA-384">88217b7d3a2d9a0a3f005162b95d68ba2bd29629688b2c32e93e4587d89fe6bd468f5c62ef422ebf2b609d402e62ff56</hash>
        <hash alg="SHA3-384">c7ee64dd3e235d900d01d8629b82245303d34a006e1edcd2571ef736d9c6256dcb718be326ad4909cb6d2cea26118ea9</hash>
        <hash alg="SHA3-256">9adcacb036caf30d17a13fcd5952a35e011678b1dbfabafdff73dba065ace8a3</hash>
        <hash alg="SHA3-512">76bec6bb2cdbc8da043760a7aedd51203c8d70b740c9b8de0ba6b0cf9ad991a58059566e7f62dee30606f32d267b2596d5bd5e885c73e336ae7fff6cf7f970db</hash>
      </hashes>
      <licenses>
        <license>
          <id>Apache-2.0</id>
          <url>https://www.apache.org/licenses/LICENSE-2.0</url>
        </license>
      </licenses>
      <purl>pkg:maven/org.osgi/org.osgi.annotation.bundle@2.0.0?type=jar</purl>
      <externalReferences><reference type="website"><url>https://docs.osgi.org/</url></reference><reference type="vcs"><url>https://github.com/osgi/osgi</url></reference></externalReferences>
    </component>
    <component type="library" bom-ref="pkg:maven/org.osgi/org.osgi.annotation.versioning@1.1.2?type=jar">
      <publisher>Eclipse Foundation</publisher>
      <group>org.osgi</group>
      <name>org.osgi.annotation.versioning</name>
      <version>1.1.2</version>
      <description>OSGi Companion Code for org.osgi.annotation.versioning Version 1.1.2</description>
      <scope>required</scope>
      <hashes>
        <hash alg="MD5">a61b3b8d09c85ad296c61e21bf77ec70</hash>
        <hash alg="SHA-1">dc3cd4ec96c0b3c5459fe00694bd73a816ecf93e</hash>
        <hash alg="SHA-256">f51f235e80df8ffbc30ef1b557b6ea38a696632d675404ec117e952978b8b863</hash>
        <hash alg="SHA-512">a4c612bec624a168f25f0923d51925bbc914686673eeebd5b2442998b876f05855e2b0a6e6e9aca4a6533ed3156b0d24f94c3e508ee9778e1b2e469be318afa3</hash>
        <hash alg="SHA-384">68a2046f083a2e77304622a56d07c0e73ba88534af4a87b5428cebf8b638c40ce21bbac089a8b5520ad488c946b633ea</hash>
        <hash alg="SHA3-384">930734f6979650191d51cd8bf1f9ab4548d307950735aa98e2dbda7aecc19b49d01a3b968824f6df2ffafce65e122c60</hash>
        <hash alg="SHA3-256">513392d0e8ddd873d04c5cf4f402a9cfe094413832bb859fe37b70fd0512dd12</hash>
        <hash alg="SHA3-512">3d2bd7d2eb784a9fab4b09c42adb0722363079235340f1915bb82a99f1c5e616ee8f3dc34d2c90b941d2651dcb4f393c7fea3e23b579456a696604148d10f22b</hash>
      </hashes>
      <licenses>
        <license>
          <id>Apache-2.0</id>
          <url>https://www.apache.org/licenses/LICENSE-2.0</url>
        </license>
      </licenses>
      <purl>pkg:maven/org.osgi/org.osgi.annotation.versioning@1.1.2?type=jar</purl>
      <externalReferences><reference type="website"><url>https://docs.osgi.org/</url></reference><reference type="vcs"><url>https://github.com/osgi/osgi</url></reference></externalReferences>
    </component>
    <component type="library" bom-ref="pkg:maven/com.github.spotbugs/spotbugs-annotations@4.8.6?type=jar">
      <group>com.github.spotbugs</group>
      <name>spotbugs-annotations</name>
      <version>4.8.6</version>
      <description>Annotations the SpotBugs tool supports</description>
      <scope>required</scope>
      <hashes>
        <hash alg="MD5">0806b237c67c69869506ce3ced9a722f</hash>
        <hash alg="SHA-1">1dcffed3e561ed32134a0dff4717f19bc2fdf4d8</hash>
        <hash alg="SHA-256">4548b74a815ed44f5480ca4f06204a8b00809dc7e5f6a825a9edf18f40377b65</hash>
        <hash alg="SHA-512">ebe5bca26efc72b82c168b65f8f4b1b55768e0464edb9e732e48bcb05b3de7e761e50f0da46e96f02258b4bc4443f4e4a5e7d53956b17161674238b564f6018d</hash>
        <hash alg="SHA-384">ed8acfde5a975f6aa24930caf2889cddeee21226497ca7ca403a25afdc2a6a32d7a6d53cc117143401e3698c87b33159</hash>
        <hash alg="SHA3-384">eca5720d9a38a2dfe8667dd73003e4fd6d3a0503219d4aea539570374bdbe9157dfe945502de2d40b4f20a4caebd2100</hash>
        <hash alg="SHA3-256">59bcae1d85e982281500f515c27f49c292f5b0f57a69204859f9c5243a64917f</hash>
        <hash alg="SHA3-512">0b77811020ea0052e4b799add234754e2f3437b28f0f4f51f49df9de7bad5d97b4262aed175cc16f2d110a7c49adf88d99dc8f12bb2751ca6bff845ba09c473a</hash>
      </hashes>
      <licenses>
        <license>
          <id>LGPL-2.1-only</id>
        </license>
      </licenses>
      <purl>pkg:maven/com.github.spotbugs/spotbugs-annotations@4.8.6?type=jar</purl>
      <externalReferences><reference type="website"><url>https://spotbugs.github.io/</url></reference><reference type="vcs"><url>https://github.com/spotbugs/spotbugs/</url></reference></externalReferences>
    </component>
    <component type="library" bom-ref="pkg:maven/com.google.code.findbugs/jsr305@3.0.2?type=jar">
      <group>com.google.code.findbugs</group>
      <name>jsr305</name>
      <version>3.0.2</version>
      <description>JSR305 Annotations for Findbugs</description>
      <scope>required</scope>
      <hashes>
        <hash alg="MD5">dd83accb899363c32b07d7a1b2e4ce40</hash>
        <hash alg="SHA-1">25ea2e8b0c338a877313bd4672d3fe056ea78f0d</hash>
        <hash alg="SHA-256">766ad2a0783f2687962c8ad74ceecc38a28b9f72a2d085ee438b7813e928d0c7</hash>
        <hash alg="SHA-512">bb09db62919a50fa5b55906013be6ca4fc7acb2e87455fac5eaf9ede2e41ce8bbafc0e5a385a561264ea4cd71bbbd3ef5a45e02d63277a201d06a0ae1636f804</hash>
        <hash alg="SHA-384">ca0b169d3eb2d0922dc031133a021f861a043bb3e405a88728215fd6ff00fa52fdc7347842dcc2031472e3726164bdc4</hash>
        <hash alg="SHA3-384">9903fd7505218999f8262efedb3d935d64bcef84aae781064ab5e1b24755466b269517cada562fa140cd1d417ede57a1</hash>
        <hash alg="SHA3-256">223fda9a89a461afaae73b177a2dc20ed4a90f2f8757f5c65f3241b0510f00ff</hash>
        <hash alg="SHA3-512">3996b5af57a5d5c6a0cd62b11773360fb051dd86a2ba968476806a2a5d32049b82d69a24a3c694e8fe4d735be6a28e41000cc500cc2a9fb577e058045855d2d6</hash>
      </hashes>
      <licenses>
        <license>
          <id>Apache-2.0</id>
        </license>
      </licenses>
      <purl>pkg:maven/com.google.code.findbugs/jsr305@3.0.2?type=jar</purl>
      <externalReferences><reference type="website"><url>http://findbugs.sourceforge.net/</url></reference><reference type="distribution-intake"><url>https://oss.sonatype.org/service/local/staging/deploy/maven2/</url></reference><reference type="vcs"><url>https://code.google.com/p/jsr-305/</url></reference></externalReferences>
    </component>
  </components>
  <dependencies>
    <dependency ref="pkg:maven/org.apache.logging.log4j/log4j-jpa@2.24.0?type=jar">
      <dependency ref="pkg:maven/javax.persistence/javax.persistence-api@2.2?type=jar"/>
      <dependency ref="pkg:maven/org.apache.logging.log4j/log4j-core@2.24.0?type=jar"/>
      <dependency ref="pkg:maven/com.fasterxml.jackson.core/jackson-core@2.17.2?type=jar"/>
      <dependency ref="pkg:maven/com.fasterxml.jackson.core/jackson-databind@2.17.2?type=jar"/>
      <dependency ref="pkg:maven/biz.aQute.bnd/biz.aQute.bnd.annotation@7.0.0?type=jar"/>
      <dependency ref="pkg:maven/com.google.errorprone/error_prone_annotations@2.30.0?type=jar"/>
      <dependency ref="pkg:maven/org.osgi/osgi.annotation@8.1.0?type=jar"/>
      <dependency ref="pkg:maven/org.osgi/org.osgi.annotation.bundle@2.0.0?type=jar"/>
      <dependency ref="pkg:maven/com.github.spotbugs/spotbugs-annotations@4.8.6?type=jar"/>
    </dependency>
    <dependency ref="pkg:maven/javax.persistence/javax.persistence-api@2.2?type=jar"/>
    <dependency ref="pkg:maven/org.apache.logging.log4j/log4j-core@2.24.0?type=jar">
      <dependency ref="pkg:maven/org.apache.logging.log4j/log4j-api@2.24.0?type=jar"/>
    </dependency>
    <dependency ref="pkg:maven/org.apache.logging.log4j/log4j-api@2.24.0?type=jar"/>
    <dependency ref="pkg:maven/com.fasterxml.jackson.core/jackson-core@2.17.2?type=jar"/>
    <dependency ref="pkg:maven/com.fasterxml.jackson.core/jackson-databind@2.17.2?type=jar">
      <dependency ref="pkg:maven/com.fasterxml.jackson.core/jackson-annotations@2.17.2?type=jar"/>
      <dependency ref="pkg:maven/com.fasterxml.jackson.core/jackson-core@2.17.2?type=jar"/>
    </dependency>
    <dependency ref="pkg:maven/com.fasterxml.jackson.core/jackson-annotations@2.17.2?type=jar"/>
    <dependency ref="pkg:maven/biz.aQute.bnd/biz.aQute.bnd.annotation@7.0.0?type=jar">
      <dependency ref="pkg:maven/org.osgi/org.osgi.resource@1.0.0?type=jar"/>
      <dependency ref="pkg:maven/org.osgi/org.osgi.service.serviceloader@1.0.0?type=jar"/>
    </dependency>
    <dependency ref="pkg:maven/org.osgi/org.osgi.resource@1.0.0?type=jar"/>
    <dependency ref="pkg:maven/org.osgi/org.osgi.service.serviceloader@1.0.0?type=jar"/>
    <dependency ref="pkg:maven/com.google.errorprone/error_prone_annotations@2.30.0?type=jar"/>
    <dependency ref="pkg:maven/org.osgi/osgi.annotation@8.1.0?type=jar"/>
    <dependency ref="pkg:maven/org.osgi/org.osgi.annotation.bundle@2.0.0?type=jar">
      <dependency ref="pkg:maven/org.osgi/org.osgi.annotation.versioning@1.1.2?type=jar"/>
    </dependency>
    <dependency ref="pkg:maven/org.osgi/org.osgi.annotation.versioning@1.1.2?type=jar"/>
    <dependency ref="pkg:maven/com.github.spotbugs/spotbugs-annotations@4.8.6?type=jar">
      <dependency ref="pkg:maven/com.google.code.findbugs/jsr305@3.0.2?type=jar"/>
    </dependency>
    <dependency ref="pkg:maven/com.google.code.findbugs/jsr305@3.0.2?type=jar"/>
  </dependencies>
</bom>
