<?xml version="1.0" encoding="UTF-8"?>
<bom serialNumber="urn:uuid:31a22518-bf0e-3ff8-9789-0dc1fcbabe3b" version="1" xmlns="http://cyclonedx.org/schema/bom/1.5">
  <metadata>
    <lifecycles>
      <lifecycle>
        <phase>build</phase>
      </lifecycle>
    </lifecycles>
    <tools>
      <components>
        <component type="library">
          <author>OWASP Foundation</author>
          <group>org.cyclonedx</group>
          <name>cyclonedx-maven-plugin</name>
          <version>2.8.1</version>
          <description>CycloneDX Maven plugin</description>
          <hashes>
            <hash alg="MD5">42c73e70d517b359d40b757c368d68fc</hash>
            <hash alg="SHA-1">c66892e13fb7ed7b8105cb5a280fa767d9e0bf12</hash>
            <hash alg="SHA-256">566681b9fcb1b0178e101cd899d2ea399e2039255e208a1a477bc079158dbdc5</hash>
            <hash alg="SHA-512">93d7b7421ee2d91f84930e75a52864952f26fee96114740dab477ee5f0e62b6448759ad5a160f1749650379f771941100c7fd84ed523b2407d2004b928998ecb</hash>
            <hash alg="SHA-384">04b0c71c1b79f77e723e7db96c72705f50172e94df5a7f28edbd96024b886fff65f61f37fc77abb1d12b0809813ae665</hash>
            <hash alg="SHA3-384">eafa68c2c25670f0b77c5db3acdfd97cfe97dfc50c47bba2103353327b049b9bbac0d8b621b1168200ddf21719048c73</hash>
            <hash alg="SHA3-256">2c07b6997ba0e40ca3b66e39cfcf101fcebdceaa19fce0baf12e013cf392466e</hash>
            <hash alg="SHA3-512">636f068843bad92259885cd4d427630619864c0172bd1b41df15c33a7d411767ab09cf2ff339a97fda149ee44c95a162fdf6cb12de19e2dc0250c2fadc80d882</hash>
          </hashes>
        </component>
      </components>
    </tools>
    <component type="library" bom-ref="pkg:maven/org.apache.logging.log4j/log4j-mongodb@2.24.0?type=jar">
      <publisher>The Apache Software Foundation</publisher>
      <group>org.apache.logging.log4j</group>
      <name>log4j-mongodb</name>
      <version>2.24.0</version>
      <description>MongoDB appender for Log4j using the MongoDB 5 driver API.</description>
      <licenses>
        <license>
          <id>Apache-2.0</id>
          <url>https://www.apache.org/licenses/LICENSE-2.0</url>
        </license>
      </licenses>
      <purl>pkg:maven/org.apache.logging.log4j/log4j-mongodb@2.24.0?type=jar</purl>
      <externalReferences><reference type="vulnerability-assertion"><url>https://logging.apache.org/cyclonedx/vdr.xml</url></reference><reference type="website"><url>https://logging.apache.org/log4j/2.x/</url></reference><reference type="build-system"><url>https://github.com/apache/logging-log4j2/actions</url></reference><reference type="distribution"><url>https://logging.apache.org/log4j/2.x/download.html</url></reference><reference type="distribution-intake"><url>https://repository.apache.org/service/local/staging/deploy/maven2</url></reference><reference type="issue-tracker"><url>https://github.com/apache/logging-log4j2/issues</url></reference><reference type="mailing-list"><url>https://lists.apache.org/list.html?log4j-user@logging.apache.org</url></reference><reference type="vcs"><url>https://github.com/apache/logging-log4j2</url></reference></externalReferences>
    </component>
    <properties>
      <property name="maven.goal">makeBom</property>
      <property name="maven.scopes">compile,provided,runtime,system</property>
      <property name="cdx:reproducible">enabled</property>
    </properties>
  </metadata>
  <components>
    <component type="library" bom-ref="pkg:maven/org.apache.logging.log4j/log4j-api@2.24.0?type=jar">
      <publisher>The Apache Software Foundation</publisher>
      <group>org.apache.logging.log4j</group>
      <name>log4j-api</name>
      <version>2.24.0</version>
      <description>The logging API of the Log4j project.
    Library and application code can log through this API.
    It contains a simple built-in implementation (`SimpleLogger`) for trivial use cases.
    Production applications are recommended to use Log4j API in combination with a fully-fledged implementation, such as Log4j Core.</description>
      <scope>required</scope>
      <hashes>
        <hash alg="MD5">a4675d48bc9b9cb970511edcafba2dab</hash>
        <hash alg="SHA-1">c6d9bd0c95c9bb6c530f4800da9507b98f018654</hash>
        <hash alg="SHA-256">de99b52578c62ee0125dd345e7121502facfe29294314ae684a4a12314c4e55a</hash>
        <hash alg="SHA-512">51f6a24a9d55a1b2c185a79a900d440635719d012f743181d5b95299495b400953ef51f7d470005f0071d7643cb283b44430cb58c0fc35a0e308e6c48600b737</hash>
        <hash alg="SHA-384">780a3a9607e212f2fde118c6735399428fdb8e7427098cb0244b8744adff50abaf70b4a0ac09156e96b61d815f942086</hash>
        <hash alg="SHA3-384">25e0d09de42aa76058d68e45152fb215496b2c789ad53737fb9d77c9fd6a043ed3fdc80639d95b322c2f7a713114c346</hash>
        <hash alg="SHA3-256">9895abed2eb1e067402ea2695547440991ee683252b1fad8bfc3248d58cdb194</hash>
        <hash alg="SHA3-512">f23eb0c34f33098b33e269acda70523494964d40277545fe5800559c201b7bcdf653b2d4ec0efc483e08a1c8915a4c98097aa288ec996b9f6e3cb4aa2e8dc5aa</hash>
      </hashes>
      <licenses>
        <license>
          <id>Apache-2.0</id>
          <url>https://www.apache.org/licenses/LICENSE-2.0</url>
        </license>
      </licenses>
      <purl>pkg:maven/org.apache.logging.log4j/log4j-api@2.24.0?type=jar</purl>
      <externalReferences><reference type="website"><url>https://logging.apache.org/log4j/2.x/log4j/log4j-api/</url></reference><reference type="build-system"><url>https://github.com/apache/logging-log4j2/actions</url></reference><reference type="distribution"><url>https://logging.apache.org/download.html</url></reference><reference type="distribution-intake"><url>https://repository.apache.org/service/local/staging/deploy/maven2</url></reference><reference type="issue-tracker"><url>https://github.com/apache/logging-log4j2/issues</url></reference><reference type="mailing-list"><url>https://lists.apache.org/list.html?log4j-user@logging.apache.org</url></reference><reference type="vcs"><url>https://github.com/apache/logging-log4j2</url></reference></externalReferences>
    </component>
    <component type="library" bom-ref="pkg:maven/org.apache.logging.log4j/log4j-mongodb4@2.24.0?type=jar">
      <publisher>The Apache Software Foundation</publisher>
      <group>org.apache.logging.log4j</group>
      <name>log4j-mongodb4</name>
      <version>2.24.0</version>
      <description>MongoDB appender for Log4j using the MongoDB 4 driver API.</description>
      <scope>required</scope>
      <hashes>
        <hash alg="MD5">e11c35dffa1790e9ccc5386b0a172025</hash>
        <hash alg="SHA-1">54b6a42c13973a2bdd2585df1fdbe7e2e08bc630</hash>
        <hash alg="SHA-256">bb1ec00865cab56b8e4c9176eec1afdbacf8f230c27981cd23e27af1d75fac1c</hash>
        <hash alg="SHA-512">313dbc10f53dc19e11f24860538eda2009325f7a73a1aee0ec8577753913fe42108021e8232d5dcf448b78f576534e891cac28b368d9646e25f55d8c2cd331d8</hash>
        <hash alg="SHA-384">57299be54acd206161e47bb53bd3ce8acaebd58fff65706a22ffe8df5efeaf179b354e3cf7714c49b35bb646fc8ea5ff</hash>
        <hash alg="SHA3-384">df0e398f4cbbab5e685b32f30d8ba3ae0ea65e43dd5c0036cf4994f2c902f203fec51f64f126b30fdebeb4c31cf6f1e3</hash>
        <hash alg="SHA3-256">af9787db7d094f4de6c7f81b416751e20f17aa12f95b0f10d90f7bd507f5616b</hash>
        <hash alg="SHA3-512">00ace46937ee5dbf0b3d76b659df9f07ff9710366b2e21f9059cc57bb9ed208ef691b267dbefccb448ad3d4525487f01c5c655bf67249f1de9ce9ed254f9524c</hash>
      </hashes>
      <licenses>
        <license>
          <id>Apache-2.0</id>
          <url>https://www.apache.org/licenses/LICENSE-2.0</url>
        </license>
      </licenses>
      <purl>pkg:maven/org.apache.logging.log4j/log4j-mongodb4@2.24.0?type=jar</purl>
      <externalReferences><reference type="website"><url>https://logging.apache.org/log4j/2.x/log4j/log4j-mongodb4/</url></reference><reference type="build-system"><url>https://github.com/apache/logging-log4j2/actions</url></reference><reference type="distribution"><url>https://logging.apache.org/download.html</url></reference><reference type="distribution-intake"><url>https://repository.apache.org/service/local/staging/deploy/maven2</url></reference><reference type="issue-tracker"><url>https://github.com/apache/logging-log4j2/issues</url></reference><reference type="mailing-list"><url>https://lists.apache.org/list.html?log4j-user@logging.apache.org</url></reference><reference type="vcs"><url>https://github.com/apache/logging-log4j2</url></reference></externalReferences>
    </component>
    <component type="library" bom-ref="pkg:maven/org.apache.logging.log4j/log4j-core@2.24.0?type=jar">
      <publisher>The Apache Software Foundation</publisher>
      <group>org.apache.logging.log4j</group>
      <name>log4j-core</name>
      <version>2.24.0</version>
      <description>A versatile, industrial-grade, and reference implementation of the Log4j API.
    It bundles a rich set of components to assist various use cases:
    Appenders targeting files, network sockets, databases, SMTP servers;
    Layouts that can render CSV, HTML, JSON, Syslog, etc. formatted outputs;
    Filters that can be configured using log event rates, regular expressions, scripts, time, etc.
    It contains several extension points to introduce custom components, if needed.</description>
      <scope>required</scope>
      <hashes>
        <hash alg="MD5">1055e8faa70abb876bbe797ecc472252</hash>
        <hash alg="SHA-1">537543d3b84d78b4d7ad055c98f8af13e5e7f3a8</hash>
        <hash alg="SHA-256">3f5b93c80f0f3d2e8cfb166a7d64ec589f8c9326fa0d7c41d74d63b28f6fd62e</hash>
        <hash alg="SHA-512">5e151308c843f1f015fabb10f8e155daef6c50713f152d49c48aa74e884d1985e069745308786afe564e26edcd26dd8519478ca43674e859b544059e11bf577c</hash>
        <hash alg="SHA-384">38c609aa9b4b2e934dc3951670c6f053a503faf000b431dc6a7474e566adf97884a502a6a98335dd524870c12d5a0000</hash>
        <hash alg="SHA3-384">1099b73d89746231fe2a6b94a8482f9eb1153aec134e11eb92618d2190811311f894c7f6eb11b32c0908e032f37956a2</hash>
        <hash alg="SHA3-256">b412d3fc36de9cf6bf19f9701077ae705cab72fa642a46dc259085b88d26d510</hash>
        <hash alg="SHA3-512">c088455792b1311a8517bf672cf984acceaab3a6af4fe64e7e0227befc116b4c0b1dee79c2c68d4aa8e66fb61b54f84bb18cf1fe6a5c18368435136e02825858</hash>
      </hashes>
      <licenses>
        <license>
          <id>Apache-2.0</id>
          <url>https://www.apache.org/licenses/LICENSE-2.0</url>
        </license>
      </licenses>
      <purl>pkg:maven/org.apache.logging.log4j/log4j-core@2.24.0?type=jar</purl>
      <externalReferences><reference type="website"><url>https://logging.apache.org/log4j/2.x/log4j/log4j-core/</url></reference><reference type="build-system"><url>https://github.com/apache/logging-log4j2/actions</url></reference><reference type="distribution"><url>https://logging.apache.org/download.html</url></reference><reference type="distribution-intake"><url>https://repository.apache.org/service/local/staging/deploy/maven2</url></reference><reference type="issue-tracker"><url>https://github.com/apache/logging-log4j2/issues</url></reference><reference type="mailing-list"><url>https://lists.apache.org/list.html?log4j-user@logging.apache.org</url></reference><reference type="vcs"><url>https://github.com/apache/logging-log4j2</url></reference></externalReferences>
    </component>
    <component type="library" bom-ref="pkg:maven/org.mongodb/bson@5.1.3?type=jar">
      <group>org.mongodb</group>
      <name>bson</name>
      <version>5.1.3</version>
      <description>The BSON library</description>
      <scope>required</scope>
      <hashes>
        <hash alg="MD5">207ed4b650678b82662af0835af25fb8</hash>
        <hash alg="SHA-1">470a15abaef9591db136d03617355d91840ec08c</hash>
        <hash alg="SHA-256">dd0b172c1e5b7034a82e118b808d7e840a948cbeef5a490701440aaaf735802b</hash>
        <hash alg="SHA-512">fd6fa1202edab3c35d1f58a4918fdb12953d35d6db2680bb2bbe7c532b17ca8e3b6b93a19514441b957a77b9b860c25c8b0439d617c045b47812cd3fa182ea1f</hash>
        <hash alg="SHA-384">80050c121806294c0a8002cd4e7bc8b3ff109504336c9ef93f60c3c5e623776fe15107c1da163c58c4d0b01cfb0c5547</hash>
        <hash alg="SHA3-384">e6333a4d6c69408ebe60b055cdc257e1336430f365f1deb27bdb80d6220c76205c19375828492028cee629cfc5afc4c6</hash>
        <hash alg="SHA3-256">19c11c233d946adc8282eb380d9a31c5ac7749714b3991d053925e4878b83202</hash>
        <hash alg="SHA3-512">24313553720c260373211bc59591537197011f11e3ec664d407de80d1dd89b5cbe023c88b18c58e59262a59d31f748bb2cc19f61c8e50a1f3a818469b2c041fe</hash>
      </hashes>
      <licenses>
        <license>
          <id>Apache-2.0</id>
        </license>
      </licenses>
      <purl>pkg:maven/org.mongodb/bson@5.1.3?type=jar</purl>
      <externalReferences><reference type="website"><url>https://bsonspec.org</url></reference><reference type="vcs"><url>https://github.com/mongodb/mongo-java-driver</url></reference></externalReferences>
    </component>
    <component type="library" bom-ref="pkg:maven/org.mongodb/mongodb-driver-core@5.1.3?type=jar">
      <group>org.mongodb</group>
      <name>mongodb-driver-core</name>
      <version>5.1.3</version>
      <description>Shared components for the Synchronous and Reactive Streams implementations of the MongoDB Java Driver.</description>
      <scope>required</scope>
      <hashes>
        <hash alg="MD5">828797874423b80e35039c6bb23a5543</hash>
        <hash alg="SHA-1">e11648dd254b912414dd374feef458c65c042fc9</hash>
        <hash alg="SHA-256">8430e882ba51cd7c3cc7f6d2b314e312f3b5f60f6952ff8d6c0bc3c34fbd890f</hash>
        <hash alg="SHA-512">21de7c31b0dca203c758e719095326a8129c28ee854a568cce09ec5f3f8bd1d5457432055c3e4466122dad2f6256d8bb7e0892130158a7e386e9bf68d4937938</hash>
        <hash alg="SHA-384">2d514fb6a2b3d077cf0a77577626df6d6ced51677563e8353f9bc2f3870e5292300498e3e4fbe9dd2fab84937fef6907</hash>
        <hash alg="SHA3-384">a14555edcdfe48410cc36d16066d81a9e955f66b810c213b9011ddec9519b9b3ee45d55063cd7edc4d67d1e2f228bf3a</hash>
        <hash alg="SHA3-256">b8d02f7839a04ae6b51e5f4b9d63c94c1714df59c7831cb7e54428ec6a0a9723</hash>
        <hash alg="SHA3-512">114b23a3a0562ceef628a857e2a4b5f3dd27bff1f854a3efc62c261f2b170adf2c790434d081d53ea963bff3c959995845dcfbe149f8da6914d86402c04daad2</hash>
      </hashes>
      <licenses>
        <license>
          <id>Apache-2.0</id>
        </license>
      </licenses>
      <purl>pkg:maven/org.mongodb/mongodb-driver-core@5.1.3?type=jar</purl>
      <externalReferences><reference type="website"><url>https://www.mongodb.com/</url></reference><reference type="vcs"><url>https://github.com/mongodb/mongo-java-driver</url></reference></externalReferences>
    </component>
    <component type="library" bom-ref="pkg:maven/org.mongodb/bson-record-codec@5.1.3?type=jar">
      <group>org.mongodb</group>
      <name>bson-record-codec</name>
      <version>5.1.3</version>
      <description>The BSON Codec for Java records</description>
      <scope>required</scope>
      <hashes>
        <hash alg="MD5">01d6121d5184df90513b44921b2963d8</hash>
        <hash alg="SHA-1">b846f7b06daef6befe5016e4acb9bfe0ddf7527b</hash>
        <hash alg="SHA-256">4e11f5b910832400c67ea5536cc00d7166e296e62f524879df87f589c3d09192</hash>
        <hash alg="SHA-512">05a4f4158877b12f923ca951bf27fb9d55750fa141139865f6692ba943d3ed3ed9ae180eb3ec035eea99cfe8bd6f43cceac9ce8bbd52c25322d5c430fbabc02b</hash>
        <hash alg="SHA-384">939c4f4949295bd66df40f2e3da4811997ee50730c3a69864e2d636110c5fc2158ba5d5ddc53026dfad0a4e902f8bb4d</hash>
        <hash alg="SHA3-384">8fefc41014ebab0a3092346cc890a24d5ed109e7fb853a86ba27627cb42f79fc1b023acaee2528a074455fd76e0a006e</hash>
        <hash alg="SHA3-256">20f585c2152603027e22f77c05f22f8af254c9cf08fd5ee66c270b5149a0385b</hash>
        <hash alg="SHA3-512">d9130cad98a9f673a45cee2da142a6eb5784d7bdb504d67cb3f67071445fe522e5731ffd256fa0e264447ca786f19939438317d75c9a3e4f02129bf2b211383a</hash>
      </hashes>
      <licenses>
        <license>
          <id>Apache-2.0</id>
        </license>
      </licenses>
      <purl>pkg:maven/org.mongodb/bson-record-codec@5.1.3?type=jar</purl>
      <externalReferences><reference type="website"><url>https://www.mongodb.com/</url></reference><reference type="vcs"><url>https://github.com/mongodb/mongo-java-driver</url></reference></externalReferences>
    </component>
    <component type="library" bom-ref="pkg:maven/org.mongodb/mongodb-driver-sync@5.1.3?type=jar">
      <group>org.mongodb</group>
      <name>mongodb-driver-sync</name>
      <version>5.1.3</version>
      <description>The MongoDB Synchronous Driver</description>
      <scope>required</scope>
      <hashes>
        <hash alg="MD5">064e562d879ac1e85fcff6beefa39e9f</hash>
        <hash alg="SHA-1">b2014bda41ad4b01e7dcfa4175142e25832fd5bf</hash>
        <hash alg="SHA-256">e02682aca845508b9fc0ab0c13c5b5ffa523bed220c3a9b606f1166e8a6c71b3</hash>
        <hash alg="SHA-512">3d1d32a4c4218f8153410de282f55d2ed7eb50dc2b365d12aa14bc74890f27e03db8a7096c8ea514a6eae4adab660cec5d9c9c44ad34627bdb0cb85c58f01f28</hash>
        <hash alg="SHA-384">9d96636ed4ad5415f3615c2525a0402be9c99f414ab83c4ef5d6f14432e2b2949c65c67cec3cb95d6f027edf39168afa</hash>
        <hash alg="SHA3-384">7a547827106e48d316f4d6c3f61a4ee509f0f145fe20b35c3b1ec389a7a648f6d268a9b4f2b99ba58d93f2730941ed7e</hash>
        <hash alg="SHA3-256">2ac46a08530b62a37ddc6114688605a30dbe82ab7999dbca6e1c713c8cb432bb</hash>
        <hash alg="SHA3-512">1be1baebcb2273bd6149b3770115dc120460195a3494f1f52a1f097ab3de576a51d76e583a32f655c225dfaa98aa542734d2ab567acc684ee4e139d109484765</hash>
      </hashes>
      <licenses>
        <license>
          <id>Apache-2.0</id>
        </license>
      </licenses>
      <purl>pkg:maven/org.mongodb/mongodb-driver-sync@5.1.3?type=jar</purl>
      <externalReferences><reference type="website"><url>https://www.mongodb.com/</url></reference><reference type="vcs"><url>https://github.com/mongodb/mongo-java-driver</url></reference></externalReferences>
    </component>
    <component type="library" bom-ref="pkg:maven/biz.aQute.bnd/biz.aQute.bnd.annotation@7.0.0?type=jar">
      <publisher>Bndtools</publisher>
      <group>biz.aQute.bnd</group>
      <name>biz.aQute.bnd.annotation</name>
      <version>7.0.0</version>
      <description>bnd Annotations Library</description>
      <scope>required</scope>
      <hashes>
        <hash alg="MD5">0339bd011cf13131841417c0de7452f5</hash>
        <hash alg="SHA-1">8ad279ebf0d04ea89c5ce4d934189d0d16bb6d50</hash>
        <hash alg="SHA-256">a0090390963dd2092f8abb6d76092bab1696494d2e31b127f5b1b2bf29c08638</hash>
        <hash alg="SHA-512">6e96cffe60466e9bd5730c93686a6ae252958be6202ba07d235239f0033b9a1cc53faad327ddaebab9eab30825b881acc6296777851028c7fad5668cbbe99c81</hash>
        <hash alg="SHA-384">f51cd44911333bf7c2f58bdf7440062c138005c8332be3bf69b0ab0d9d93af4d1e1dde3a4eae5bfae92e835b70e6f561</hash>
        <hash alg="SHA3-384">7e93113ee29b6fbed02fbeac096582476b0b7c04703a54ecf0c3c89cab6fff06bc486d072c78f5a19e2c7da1c603b9d2</hash>
        <hash alg="SHA3-256">e0a35d4ec2afe652ef58a37a9f2491349527e86c7a1b37d13436fdfef77f32b2</hash>
        <hash alg="SHA3-512">62783affe413b5419c08008094a43e63712c65d6e4a0cd345e58e1a7c66dc32a08f2e68852d14641d30da31d665091c19571809145f769480cb0b80e0ad003e9</hash>
      </hashes>
      <licenses>
        <license>
          <name>(Apache-2.0 OR EPL-2.0)</name>
          <url>https://opensource.org/licenses/Apache-2.0,https://opensource.org/licenses/EPL-2.0</url>
        </license>
      </licenses>
      <purl>pkg:maven/biz.aQute.bnd/biz.aQute.bnd.annotation@7.0.0?type=jar</purl>
      <externalReferences><reference type="website"><url>https://bnd.bndtools.org/</url></reference><reference type="vcs"><url>https://github.com/bndtools/bnd</url></reference></externalReferences>
    </component>
    <component type="library" bom-ref="pkg:maven/org.osgi/org.osgi.resource@1.0.0?type=jar">
      <publisher>OSGi Alliance</publisher>
      <group>org.osgi</group>
      <name>org.osgi.resource</name>
      <version>1.0.0</version>
      <description>OSGi Companion Code for org.osgi.resource Version 1.0.0.</description>
      <scope>required</scope>
      <hashes>
        <hash alg="MD5">7d857a4203e2996fab0cf070133e43df</hash>
        <hash alg="SHA-1">343c88949132984b3f2d4175a72c40b77dc65619</hash>
        <hash alg="SHA-256">81fc50f1f1d38a4af28e131907d4afe213249aab05060484edca0e60c4af9b4a</hash>
        <hash alg="SHA-512">4e798790856f83f50832db80bfab64dfceeff1c509d7dde43e74a9f9192ea7a7d5ea77b9b1e81291fa6ba3dcef5ab8fa791ca8093a72a08d7ca6f6499e13e506</hash>
        <hash alg="SHA-384">73038c395166552b64b6b5469bd8056584f48d19b5762df2e8bd2770405ed8f6071e397a87d9a7ed39f8c2e0e8ab85b2</hash>
        <hash alg="SHA3-384">e06c8a460b3bf06d6cb22237aeffa6afd2eadd9461096c67b768a14603ad8aaa88f891d03cf0a273a99d86906c1c8eb3</hash>
        <hash alg="SHA3-256">1097cfd20e80ce368fd828a23ad7c32a202cebd92106f6ebb88ba55ca74349ee</hash>
        <hash alg="SHA3-512">d7b710e1e0484badb875f326c602c90df6705df48b0f057320919a5255d3ecbddd7053eabc68787480a70aebd7e553e9f51728112e1fa0846c849366b7e8d69b</hash>
      </hashes>
      <licenses>
        <license>
          <id>Apache-2.0</id>
        </license>
      </licenses>
      <purl>pkg:maven/org.osgi/org.osgi.resource@1.0.0?type=jar</purl>
      <externalReferences><reference type="website"><url>http://www.osgi.org/</url></reference><reference type="vcs"><url>https://osgi.org/git/build.git</url></reference></externalReferences>
    </component>
    <component type="library" bom-ref="pkg:maven/org.osgi/org.osgi.service.serviceloader@1.0.0?type=jar">
      <publisher>OSGi Alliance</publisher>
      <group>org.osgi</group>
      <name>org.osgi.service.serviceloader</name>
      <version>1.0.0</version>
      <description>OSGi Companion Code for org.osgi.service.serviceloader Version 1.0.0.</description>
      <scope>required</scope>
      <hashes>
        <hash alg="MD5">4943f0102a6d893c4dd77f369a5f0537</hash>
        <hash alg="SHA-1">3728ff37909c6a3c1870b3e851342d9f2bd3cc63</hash>
        <hash alg="SHA-256">8f876ce2a9aa4e95b1f1952950255103e2487425050a654f3285447ba601c154</hash>
        <hash alg="SHA-512">a7def4cb7a8ed992645faa80a780e0b30bd39c1587b5bcb65fe170d10842d0d880c2849edd50c64807fe0e4b9cc0051337d1b161d0d390465d9e63a762861c49</hash>
        <hash alg="SHA-384">1e480694b8a541da4cd1e044d3f3ea3cd55152515ac022b80d865b6654242506c2138daabb4e71c30d36b12b9aaf676d</hash>
        <hash alg="SHA3-384">7f076af200ae9c2bd9f235b949aee01a1a758c8aac10fee8b98ec2497197d2029117d5627eb0eabd9b42979eb1baa009</hash>
        <hash alg="SHA3-256">83b1dce69c4c899176eb6e368e434ecb77dfed7c436530b8c5d08b9b6f2430aa</hash>
        <hash alg="SHA3-512">5debde53a7ead231dcd907467d59728f59cae4eb3b967c19808f78890bd97d2f04657cad9c093e88f9818338b0b3b38a57c66400ebcff61fbb26d18e9f7bf8ed</hash>
      </hashes>
      <licenses>
        <license>
          <id>Apache-2.0</id>
        </license>
      </licenses>
      <purl>pkg:maven/org.osgi/org.osgi.service.serviceloader@1.0.0?type=jar</purl>
      <externalReferences><reference type="website"><url>http://www.osgi.org/</url></reference><reference type="vcs"><url>https://osgi.org/git/build.git</url></reference></externalReferences>
    </component>
    <component type="library" bom-ref="pkg:maven/com.google.errorprone/error_prone_annotations@2.30.0?type=jar">
      <publisher>Google LLC</publisher>
      <group>com.google.errorprone</group>
      <name>error_prone_annotations</name>
      <version>2.30.0</version>
      <description>Error Prone is a static analysis tool for Java that catches common programming mistakes at compile-time.</description>
      <scope>required</scope>
      <hashes>
        <hash alg="MD5">4673a36959c4610e3670c6d84aa2ba20</hash>
        <hash alg="SHA-1">ff171acb7fb9cbe2b9f50b391e1d52459d30ee62</hash>
        <hash alg="SHA-256">144f3aefbd6e27daec55d3753b2c6b13c1afdaf0cf04816cdb564588ed92f1bd</hash>
        <hash alg="SHA-512">61956e255b8e26b574dd04a89c9e91652981d3121508fb1de39af155165892de694954aaced670b975a600edf19e0077eceae5d3e0a7cc4eef0cfe301521e201</hash>
        <hash alg="SHA-384">5f055ac091f02a00aa350f0c761b19549e4f5aa2c4b298569e3f23476f7f7df8cc5e750dfe9f17d225467a41327d84f3</hash>
        <hash alg="SHA3-384">06c197e60e9970231b52e844f4ab02b9d48e4ffa2ce73c67eed2d61965a7be9462e2ee2e6f20803ed14da8ab7f3d40cc</hash>
        <hash alg="SHA3-256">a1a817cdcda312f0248b41b31116c3bf447706f5fc3c6fdc56cad775784fc41f</hash>
        <hash alg="SHA3-512">070e416c41c6e2f562d93fd08e49d765164686946d44b5a91379dd18c0dd6083851a04c7aa99a94e3112b8ec0925870767a3108474acdf962c98ebad6328934b</hash>
      </hashes>
      <licenses>
        <license>
          <id>Apache-2.0</id>
        </license>
      </licenses>
      <purl>pkg:maven/com.google.errorprone/error_prone_annotations@2.30.0?type=jar</purl>
      <externalReferences><reference type="website"><url>https://errorprone.info/error_prone_annotations</url></reference><reference type="vcs"><url>https://github.com/google/error-prone/error_prone_annotations</url></reference></externalReferences>
    </component>
    <component type="library" bom-ref="pkg:maven/org.osgi/osgi.annotation@8.1.0?type=jar">
      <publisher>Eclipse Foundation</publisher>
      <group>org.osgi</group>
      <name>osgi.annotation</name>
      <version>8.1.0</version>
      <description>OSGi Annotation Release 8, Annotations for use in compiling bundles</description>
      <scope>required</scope>
      <hashes>
        <hash alg="MD5">3bcfab9c55a2bcc158aa4953084021b6</hash>
        <hash alg="SHA-1">59d42736bcc0af2144ba5c1a12ff7c08ea4b7e12</hash>
        <hash alg="SHA-256">68afeb86a5322675d4dfe3df5863c7d8a37b34c18e3a8e41553f1ab3ac15d78f</hash>
        <hash alg="SHA-512">a190fa888fd22c2c31455d672b3e50ca79fa9f02269b9d45f6e6fc189dc8f90d20663e290f151a851e010b52ce87e62dc5079253c3e59caa72f11ea6248ffb26</hash>
        <hash alg="SHA-384">581c88a48fc7df5edae29712f943ef780fb0f32b4eee10dfcaa879f122f19fd1645b961b38bc0a97dd894d89952fdb68</hash>
        <hash alg="SHA3-384">ab4fab76440671def19eb0ca3370d8f0f8a915df4ec92e5aa2b9e12a4b97aa49301c51ccd28a2d2718beec6fe8105bc6</hash>
        <hash alg="SHA3-256">6849ce4a9cad5dbf2dce1ad817442821a633f8ae10ab1ccde69ac46d26127a46</hash>
        <hash alg="SHA3-512">3c3ce68b5ae1ea157f78d72a210cc152375fd8819a7c85ed5c718fbe387ffb522715e1b0dfa5094caed1e8bbe4b8fcc6d2aadd1cd3851f4c0fffebda5acaebba</hash>
      </hashes>
      <licenses>
        <license>
          <id>Apache-2.0</id>
          <url>https://www.apache.org/licenses/LICENSE-2.0</url>
        </license>
      </licenses>
      <purl>pkg:maven/org.osgi/osgi.annotation@8.1.0?type=jar</purl>
      <externalReferences><reference type="website"><url>https://docs.osgi.org/</url></reference><reference type="vcs"><url>https://github.com/osgi/osgi</url></reference></externalReferences>
    </component>
    <component type="library" bom-ref="pkg:maven/org.osgi/org.osgi.annotation.bundle@2.0.0?type=jar">
      <publisher>Eclipse Foundation</publisher>
      <group>org.osgi</group>
      <name>org.osgi.annotation.bundle</name>
      <version>2.0.0</version>
      <description>OSGi Companion Code for org.osgi.annotation.bundle Version 2.0.0</description>
      <scope>required</scope>
      <hashes>
        <hash alg="MD5">19115314a0ce4cfb711a811dcc0be0a3</hash>
        <hash alg="SHA-1">f5c2cd6e670c3c5d440d3003efd5ef2ead5c68eb</hash>
        <hash alg="SHA-256">b9c9546ec5be3ebc2e85ba4919150ad76d64594805282fc895133a47d264a7ae</hash>
        <hash alg="SHA-512">f16b8983240ba3c08d6bc78e2eae92e89eb528f32a705961d90b463def0a5ed1ba08cc3d0be38b5dcfb946c6f759df772e122fb769e58e8c20aa79a489a1fd21</hash>
        <hash alg="SHA-384">88217b7d3a2d9a0a3f005162b95d68ba2bd29629688b2c32e93e4587d89fe6bd468f5c62ef422ebf2b609d402e62ff56</hash>
        <hash alg="SHA3-384">c7ee64dd3e235d900d01d8629b82245303d34a006e1edcd2571ef736d9c6256dcb718be326ad4909cb6d2cea26118ea9</hash>
        <hash alg="SHA3-256">9adcacb036caf30d17a13fcd5952a35e011678b1dbfabafdff73dba065ace8a3</hash>
        <hash alg="SHA3-512">76bec6bb2cdbc8da043760a7aedd51203c8d70b740c9b8de0ba6b0cf9ad991a58059566e7f62dee30606f32d267b2596d5bd5e885c73e336ae7fff6cf7f970db</hash>
      </hashes>
      <licenses>
        <license>
          <id>Apache-2.0</id>
          <url>https://www.apache.org/licenses/LICENSE-2.0</url>
        </license>
      </licenses>
      <purl>pkg:maven/org.osgi/org.osgi.annotation.bundle@2.0.0?type=jar</purl>
      <externalReferences><reference type="website"><url>https://docs.osgi.org/</url></reference><reference type="vcs"><url>https://github.com/osgi/osgi</url></reference></externalReferences>
    </component>
    <component type="library" bom-ref="pkg:maven/org.osgi/org.osgi.annotation.versioning@1.1.2?type=jar">
      <publisher>Eclipse Foundation</publisher>
      <group>org.osgi</group>
      <name>org.osgi.annotation.versioning</name>
      <version>1.1.2</version>
      <description>OSGi Companion Code for org.osgi.annotation.versioning Version 1.1.2</description>
      <scope>required</scope>
      <hashes>
        <hash alg="MD5">a61b3b8d09c85ad296c61e21bf77ec70</hash>
        <hash alg="SHA-1">dc3cd4ec96c0b3c5459fe00694bd73a816ecf93e</hash>
        <hash alg="SHA-256">f51f235e80df8ffbc30ef1b557b6ea38a696632d675404ec117e952978b8b863</hash>
        <hash alg="SHA-512">a4c612bec624a168f25f0923d51925bbc914686673eeebd5b2442998b876f05855e2b0a6e6e9aca4a6533ed3156b0d24f94c3e508ee9778e1b2e469be318afa3</hash>
        <hash alg="SHA-384">68a2046f083a2e77304622a56d07c0e73ba88534af4a87b5428cebf8b638c40ce21bbac089a8b5520ad488c946b633ea</hash>
        <hash alg="SHA3-384">930734f6979650191d51cd8bf1f9ab4548d307950735aa98e2dbda7aecc19b49d01a3b968824f6df2ffafce65e122c60</hash>
        <hash alg="SHA3-256">513392d0e8ddd873d04c5cf4f402a9cfe094413832bb859fe37b70fd0512dd12</hash>
        <hash alg="SHA3-512">3d2bd7d2eb784a9fab4b09c42adb0722363079235340f1915bb82a99f1c5e616ee8f3dc34d2c90b941d2651dcb4f393c7fea3e23b579456a696604148d10f22b</hash>
      </hashes>
      <licenses>
        <license>
          <id>Apache-2.0</id>
          <url>https://www.apache.org/licenses/LICENSE-2.0</url>
        </license>
      </licenses>
      <purl>pkg:maven/org.osgi/org.osgi.annotation.versioning@1.1.2?type=jar</purl>
      <externalReferences><reference type="website"><url>https://docs.osgi.org/</url></reference><reference type="vcs"><url>https://github.com/osgi/osgi</url></reference></externalReferences>
    </component>
    <component type="library" bom-ref="pkg:maven/com.github.spotbugs/spotbugs-annotations@4.8.6?type=jar">
      <group>com.github.spotbugs</group>
      <name>spotbugs-annotations</name>
      <version>4.8.6</version>
      <description>Annotations the SpotBugs tool supports</description>
      <scope>required</scope>
      <hashes>
        <hash alg="MD5">0806b237c67c69869506ce3ced9a722f</hash>
        <hash alg="SHA-1">1dcffed3e561ed32134a0dff4717f19bc2fdf4d8</hash>
        <hash alg="SHA-256">4548b74a815ed44f5480ca4f06204a8b00809dc7e5f6a825a9edf18f40377b65</hash>
        <hash alg="SHA-512">ebe5bca26efc72b82c168b65f8f4b1b55768e0464edb9e732e48bcb05b3de7e761e50f0da46e96f02258b4bc4443f4e4a5e7d53956b17161674238b564f6018d</hash>
        <hash alg="SHA-384">ed8acfde5a975f6aa24930caf2889cddeee21226497ca7ca403a25afdc2a6a32d7a6d53cc117143401e3698c87b33159</hash>
        <hash alg="SHA3-384">eca5720d9a38a2dfe8667dd73003e4fd6d3a0503219d4aea539570374bdbe9157dfe945502de2d40b4f20a4caebd2100</hash>
        <hash alg="SHA3-256">59bcae1d85e982281500f515c27f49c292f5b0f57a69204859f9c5243a64917f</hash>
        <hash alg="SHA3-512">0b77811020ea0052e4b799add234754e2f3437b28f0f4f51f49df9de7bad5d97b4262aed175cc16f2d110a7c49adf88d99dc8f12bb2751ca6bff845ba09c473a</hash>
      </hashes>
      <licenses>
        <license>
          <id>LGPL-2.1-only</id>
        </license>
      </licenses>
      <purl>pkg:maven/com.github.spotbugs/spotbugs-annotations@4.8.6?type=jar</purl>
      <externalReferences><reference type="website"><url>https://spotbugs.github.io/</url></reference><reference type="vcs"><url>https://github.com/spotbugs/spotbugs/</url></reference></externalReferences>
    </component>
    <component type="library" bom-ref="pkg:maven/com.google.code.findbugs/jsr305@3.0.2?type=jar">
      <group>com.google.code.findbugs</group>
      <name>jsr305</name>
      <version>3.0.2</version>
      <description>JSR305 Annotations for Findbugs</description>
      <scope>required</scope>
      <hashes>
        <hash alg="MD5">dd83accb899363c32b07d7a1b2e4ce40</hash>
        <hash alg="SHA-1">25ea2e8b0c338a877313bd4672d3fe056ea78f0d</hash>
        <hash alg="SHA-256">766ad2a0783f2687962c8ad74ceecc38a28b9f72a2d085ee438b7813e928d0c7</hash>
        <hash alg="SHA-512">bb09db62919a50fa5b55906013be6ca4fc7acb2e87455fac5eaf9ede2e41ce8bbafc0e5a385a561264ea4cd71bbbd3ef5a45e02d63277a201d06a0ae1636f804</hash>
        <hash alg="SHA-384">ca0b169d3eb2d0922dc031133a021f861a043bb3e405a88728215fd6ff00fa52fdc7347842dcc2031472e3726164bdc4</hash>
        <hash alg="SHA3-384">9903fd7505218999f8262efedb3d935d64bcef84aae781064ab5e1b24755466b269517cada562fa140cd1d417ede57a1</hash>
        <hash alg="SHA3-256">223fda9a89a461afaae73b177a2dc20ed4a90f2f8757f5c65f3241b0510f00ff</hash>
        <hash alg="SHA3-512">3996b5af57a5d5c6a0cd62b11773360fb051dd86a2ba968476806a2a5d32049b82d69a24a3c694e8fe4d735be6a28e41000cc500cc2a9fb577e058045855d2d6</hash>
      </hashes>
      <licenses>
        <license>
          <id>Apache-2.0</id>
        </license>
      </licenses>
      <purl>pkg:maven/com.google.code.findbugs/jsr305@3.0.2?type=jar</purl>
      <externalReferences><reference type="website"><url>http://findbugs.sourceforge.net/</url></reference><reference type="distribution-intake"><url>https://oss.sonatype.org/service/local/staging/deploy/maven2/</url></reference><reference type="vcs"><url>https://code.google.com/p/jsr-305/</url></reference></externalReferences>
    </component>
  </components>
  <dependencies>
    <dependency ref="pkg:maven/org.apache.logging.log4j/log4j-mongodb@2.24.0?type=jar">
      <dependency ref="pkg:maven/org.apache.logging.log4j/log4j-api@2.24.0?type=jar"/>
      <dependency ref="pkg:maven/org.apache.logging.log4j/log4j-mongodb4@2.24.0?type=jar"/>
      <dependency ref="pkg:maven/org.mongodb/bson@5.1.3?type=jar"/>
      <dependency ref="pkg:maven/org.mongodb/mongodb-driver-core@5.1.3?type=jar"/>
      <dependency ref="pkg:maven/org.mongodb/mongodb-driver-sync@5.1.3?type=jar"/>
      <dependency ref="pkg:maven/biz.aQute.bnd/biz.aQute.bnd.annotation@7.0.0?type=jar"/>
      <dependency ref="pkg:maven/com.google.errorprone/error_prone_annotations@2.30.0?type=jar"/>
      <dependency ref="pkg:maven/org.osgi/osgi.annotation@8.1.0?type=jar"/>
      <dependency ref="pkg:maven/org.osgi/org.osgi.annotation.bundle@2.0.0?type=jar"/>
      <dependency ref="pkg:maven/com.github.spotbugs/spotbugs-annotations@4.8.6?type=jar"/>
    </dependency>
    <dependency ref="pkg:maven/org.apache.logging.log4j/log4j-api@2.24.0?type=jar"/>
    <dependency ref="pkg:maven/org.apache.logging.log4j/log4j-mongodb4@2.24.0?type=jar">
      <dependency ref="pkg:maven/org.apache.logging.log4j/log4j-api@2.24.0?type=jar"/>
      <dependency ref="pkg:maven/org.apache.logging.log4j/log4j-core@2.24.0?type=jar"/>
      <dependency ref="pkg:maven/org.mongodb/bson@5.1.3?type=jar"/>
      <dependency ref="pkg:maven/org.mongodb/mongodb-driver-core@5.1.3?type=jar"/>
      <dependency ref="pkg:maven/org.mongodb/mongodb-driver-sync@5.1.3?type=jar"/>
    </dependency>
    <dependency ref="pkg:maven/org.apache.logging.log4j/log4j-core@2.24.0?type=jar">
      <dependency ref="pkg:maven/org.apache.logging.log4j/log4j-api@2.24.0?type=jar"/>
    </dependency>
    <dependency ref="pkg:maven/org.mongodb/bson@5.1.3?type=jar"/>
    <dependency ref="pkg:maven/org.mongodb/mongodb-driver-core@5.1.3?type=jar">
      <dependency ref="pkg:maven/org.mongodb/bson@5.1.3?type=jar"/>
      <dependency ref="pkg:maven/org.mongodb/bson-record-codec@5.1.3?type=jar"/>
    </dependency>
    <dependency ref="pkg:maven/org.mongodb/bson-record-codec@5.1.3?type=jar">
      <dependency ref="pkg:maven/org.mongodb/bson@5.1.3?type=jar"/>
    </dependency>
    <dependency ref="pkg:maven/org.mongodb/mongodb-driver-sync@5.1.3?type=jar">
      <dependency ref="pkg:maven/org.mongodb/bson@5.1.3?type=jar"/>
      <dependency ref="pkg:maven/org.mongodb/mongodb-driver-core@5.1.3?type=jar"/>
    </dependency>
    <dependency ref="pkg:maven/biz.aQute.bnd/biz.aQute.bnd.annotation@7.0.0?type=jar">
      <dependency ref="pkg:maven/org.osgi/org.osgi.resource@1.0.0?type=jar"/>
      <dependency ref="pkg:maven/org.osgi/org.osgi.service.serviceloader@1.0.0?type=jar"/>
    </dependency>
    <dependency ref="pkg:maven/org.osgi/org.osgi.resource@1.0.0?type=jar"/>
    <dependency ref="pkg:maven/org.osgi/org.osgi.service.serviceloader@1.0.0?type=jar"/>
    <dependency ref="pkg:maven/com.google.errorprone/error_prone_annotations@2.30.0?type=jar"/>
    <dependency ref="pkg:maven/org.osgi/osgi.annotation@8.1.0?type=jar"/>
    <dependency ref="pkg:maven/org.osgi/org.osgi.annotation.bundle@2.0.0?type=jar">
      <dependency ref="pkg:maven/org.osgi/org.osgi.annotation.versioning@1.1.2?type=jar"/>
    </dependency>
    <dependency ref="pkg:maven/org.osgi/org.osgi.annotation.versioning@1.1.2?type=jar"/>
    <dependency ref="pkg:maven/com.github.spotbugs/spotbugs-annotations@4.8.6?type=jar">
      <dependency ref="pkg:maven/com.google.code.findbugs/jsr305@3.0.2?type=jar"/>
    </dependency>
    <dependency ref="pkg:maven/com.google.code.findbugs/jsr305@3.0.2?type=jar"/>
  </dependencies>
</bom>
